id,text,original_label,binary_label,source,language_hint,split,normalized_text,flagged_tokens,prediction
hasoc_proxy-3337,"Who the fuck still plays flappy bird? &#128514;

&#8220;@loren_travis: Flappy bird feels like http://t.co/OQ3jnn7fwO&#8221;",HOF,Bullying,hasoc_proxy,latin,unspecified,who the fuck still plays flappy bird? 128514 8220 flappy bird feels like,[],Non-Bullying
hasoc_proxy-10795,"Hey! I'm gonna get some sort of bird tattooed on my body, accompanied with an anchor/rope situation. No one's doing that right now, right?",NOT,Non-Bullying,hasoc_proxy,latin,unspecified,"hey! i m gonna get some sort of bird tattooed on my body, accompanied with an anchor rope situation no one s doing that right now, right?",[],Bullying
hasoc_proxy-5980,@GabrielaAngela4 @StephyRae7 Gabby why are you so ghetto?,HOF,Bullying,hasoc_proxy,latin,unspecified,gabby why are you so ghetto?,[],Non-Bullying
hasoc_proxy-6421,Aye we all needa keep are heads up high who cares if we lost we all went and tried our best &amp;south is a bunch of trash talking pussys ! -.-,HOF,Bullying,hasoc_proxy,latin,unspecified,aye we all needa keep are heads up high who cares if we lost we all went and tried our best amp south is a bunch of trash talking pussys ! .,[],Non-Bullying
hasoc_proxy-712,i ran out &#128553; RT @sadonna_rae: This hoe just texted me asking to borrow a roll of tissue until tomorrow &#128555;&#128555;&#128557;&#128557;&#128557;,HOF,Bullying,hasoc_proxy,latin,unspecified,i ran out 128553 rt this hoe just texted me asking to borrow a roll of tissue until tomorrow 1285 1285 128557 128557 128557,[],Non-Bullying
hasoc_proxy-314,But rich is a light skin coon. So it's expected.,NOT,Non-Bullying,hasoc_proxy,latin,unspecified,but rich is a light skin coon so it s expected,[],Bullying
hasoc_proxy-9447,"@rickahyatt @donaldbroom @Poysti 
That bastard Obama is giving them to the f-ing wetbacks.",HOF,Bullying,hasoc_proxy,latin,unspecified,that bastard obama is giving them to the fing wetbacks,[],Non-Bullying
hasoc_proxy-11586,RT @ConceitedNoRezn: So ike just had to punch a nigga for harassing a young lady on Ga ave and Florida Ave in nw dc #youoksis,HOF,Bullying,hasoc_proxy,latin,unspecified,rt so ike just had to punch a nigga for harassing a young lady on ga ave and florida ave in nw dc youoksis,[],Non-Bullying
hasoc_proxy-9596,RT @Annnna_dav69: I hate trailer trash &#128567;,HOF,Bullying,hasoc_proxy,latin,unspecified,rt i hate trailer trash 128567,[],Non-Bullying
hasoc_proxy-5494,@Tamorite @The_Greatest_10 The truth hurts nigguh.,HOF,Bullying,hasoc_proxy,latin,unspecified,the truth hurts nigguh,[],Non-Bullying
hasoc_proxy-10481,RT @ArmyBulldog20: @AcmeHandle Nothing that the Russians did in their support of the rebels surprises me. Putin views Obama as a pussy.,HOF,Bullying,hasoc_proxy,latin,unspecified,rt nothing that the russians did in their support of the rebels surprises me putin views obama as a pussy,[],Non-Bullying
hasoc_proxy-8516,Niggas trash AF,HOF,Bullying,hasoc_proxy,latin,unspecified,niggas trash af,[],Non-Bullying
hasoc_proxy-4532,"RT @SweetiePaii: RT if you listen to these bands &#128522;

A7X
PTV
SWS
ATL
BVB
ADTR
BMTH
YMAS
FOB
AA
Blink 182
TDG
SS
FIR
MCR

Follow me &amp; everyon&#8230;",NOT,Non-Bullying,hasoc_proxy,latin,unspecified,rt rt if you listen to these bands 128522 a7x ptv sws atl bvb adtr bmth ymas fob aa blink 182 tdg ss fir mcr follow me amp everyon 8230,[],Bullying
hasoc_proxy-8930,@shaelynspacyyy they trash though?,HOF,Bullying,hasoc_proxy,latin,unspecified,they trash though?,[],Non-Bullying
hasoc_proxy-9623,Lmfao no you didnt RT @SS4_Fresh: @vivelacourtney got cute new avi and all but she too old for colored contacts &#128073;&#128064;&#128584;,NOT,Non-Bullying,hasoc_proxy,latin,unspecified,lmfao no you didnt rt got cute new avi and all but she too old for colored contacts 128073 128064 128584,[],Bullying
hasoc_proxy-8583,I'm no man-hoe tho....,HOF,Bullying,hasoc_proxy,latin,unspecified,i m no manhoe tho,[],Non-Bullying
hasoc_proxy-9092,@jasongregory674 @Devondude1234 @hot_lads fuck yeah and hot big blk boots. This scally lad would get it.,HOF,Bullying,hasoc_proxy,latin,unspecified,fuck yeah and hot big blk boots this scally lad would get it,[],Non-Bullying
hasoc_proxy-10687,"@TasogarenoRaiko If you decide to do Damara, you should make her a gladiola. We have gorgeous rust-colored ones coming up over here.",NOT,Non-Bullying,hasoc_proxy,latin,unspecified,"if you decide to do damara, you should make her a gladiola we have gorgeous rustcolored ones coming up over here",[],Bullying
hasoc_proxy-9042,"@_tee13 @SoftestMuffin @TorahBlaze After you spread that filth of urs to that white dog, he &amp; the good ol boys were ltao on fuckin a monkey",HOF,Bullying,hasoc_proxy,latin,unspecified,"after you spread that filth of urs to that white dog, he amp the good ol boys were ltao on fuckin a monkey",[],Non-Bullying
hasoc_proxy-4781,I love going to @Walmart and looking at #guns with my wife. We talk about them in Spanish as the rednecks stare at us and reconsider #2A.,HOF,Bullying,hasoc_proxy,latin,unspecified,i love going to and looking at guns with my wife we talk about them in spanish as the rednecks stare at us and reconsider 2a,[],Non-Bullying
hasoc_proxy-1037,@denytheprophecy that's a dragon you retard,HOF,Bullying,hasoc_proxy,latin,unspecified,that s a dragon you retard,[],Non-Bullying
hasoc_proxy-1485,RT @TomOlson8: @1Dittlinger That has redneck written all over it lol. Drunks can use gravity to get down &#128563;,HOF,Bullying,hasoc_proxy,latin,unspecified,rt that has redneck written all over it lol drunks can use gravity to get down 128563,[],Non-Bullying
hasoc_proxy-11425,@ArcticFox2016 everybody mocks Obama .Hes an embarrassment to the USA.,NOT,Non-Bullying,hasoc_proxy,latin,unspecified,everybody mocks obama .hes an embarrassment to the usa,[],Bullying
hasoc_proxy-6112,@SteveWorks4You bush took 3 times as many vacations.. republican teabaggers are pusses....wah,HOF,Bullying,hasoc_proxy,latin,unspecified,bush took 3 times as many vacations republican teabaggers are pusseswah,[],Non-Bullying
hasoc_proxy-5770,"@ajbruno14 @JamesOKeefeIII @jdhayworth nope, it's a term used to mock teabagger scum like all three of you. Better luck next time, pal.",HOF,Bullying,hasoc_proxy,latin,unspecified,"nope, it s a term used to mock teabagger scum like all three of you better luck next time, pal",[],Non-Bullying
hasoc_proxy-5270,Yeah okay let's just put a fire cracker in a cow pie and see what happens,NOT,Non-Bullying,hasoc_proxy,latin,unspecified,yeah okay let s just put a fire cracker in a cow pie and see what happens,[],Bullying
hasoc_proxy-434,RT @BlackNerdJade: RT @fivefifths: Hell wrong with yall? RT @TwanTargaryen: Pecan pie AND sweet potato pie trash. http://t.co/hH50P5pytX,HOF,Bullying,hasoc_proxy,latin,unspecified,rt rt hell wrong with yall? rt pecan pie and sweet potato pie trash,[],Non-Bullying
hasoc_proxy-10869,RT @Kevin_McAdams: @WhaleLookyHere tbh I didn't even mean to mock him but #itstoofuckingeasy,HOF,Bullying,hasoc_proxy,latin,unspecified,rt tbh i didn t even mean to mock him but itstoofuckingeasy,[],Non-Bullying
hasoc_proxy-10107,@bnp We are being overrun by mongrels because ZOG or the Jews that run our countries want the white man to perish.,HOF,Bullying,hasoc_proxy,latin,unspecified,we are being overrun by mongrels because zog or the jews that run our countries want the white man to perish,[],Non-Bullying
hasoc_proxy-6051,@RepGutierrez You are full of it! These so called children are not children. They are illegal border jumpers MS!# gang members.,HOF,Bullying,hasoc_proxy,latin,unspecified,you are full of it! these so called children are not children they are illegal border jumpers ms! gang members,[],Non-Bullying
hasoc_proxy-1128,@RivenbarkYahoo @hale_razor jim Hogg county a dirt poor democrat leaning county.. Hebronville is it's seat. Been there it's a near ghetto,HOF,Bullying,hasoc_proxy,latin,unspecified,jim hogg county a dirt poor democrat leaning county hebronville is it s seat been there it s a near ghetto,[],Non-Bullying
hasoc_proxy-3983,why do little scrawny white boys play ghetto rap music while they walk around.,HOF,Bullying,hasoc_proxy,latin,unspecified,why do little scrawny white boys play ghetto rap music while they walk around,[],Non-Bullying
hasoc_proxy-8728,@HeavensWay_ 2nd and last time I'll ever call you that faggot,HOF,Bullying,hasoc_proxy,latin,unspecified,2nd and last time i ll ever call you that faggot,[],Non-Bullying
hasoc_proxy-2835,"RT @HunneeMolassess: so if her legs dont rub together that means her pwoosy is trash? ...
i just heard this.",HOF,Bullying,hasoc_proxy,latin,unspecified,rt so if her legs dont rub together that means her pwoosy is trash? . i just heard this,[],Non-Bullying
hasoc_proxy-5807,@clangloisss hmu negro,NOT,Non-Bullying,hasoc_proxy,latin,unspecified,hmu negro,[],Bullying
hasoc_proxy-7563,Anyone who came to the US as an indentured servant is white trash.,HOF,Bullying,hasoc_proxy,latin,unspecified,anyone who came to the us as an indentured servant is white trash,[],Non-Bullying
hasoc_proxy-4593,Porch monkey 4 Life,HOF,Bullying,hasoc_proxy,latin,unspecified,porch monkey 4 life,[],Non-Bullying
hasoc_proxy-8722,But this emotional shit is absolutely for the birds.....,HOF,Bullying,hasoc_proxy,latin,unspecified,but this emotional shit is absolutely for the birds,[],Non-Bullying
hasoc_proxy-513,Hats off to all hoodrat chicks from the ghetto who have anxiety attacks at formal events,HOF,Bullying,hasoc_proxy,latin,unspecified,hats off to all hoodrat chicks from the ghetto who have anxiety attacks at formal events,[],Non-Bullying
hasoc_proxy-2712,RT @NavyAssLos: Hunter Hurt Helmsley RT @Rich_GMI: Cut the imaginary height shit. Most of the women tweeting about it sleep alone every nig&#8230;,NOT,Non-Bullying,hasoc_proxy,latin,unspecified,rt hunter hurt helmsley rt cut the imaginary height shit most of the women tweeting about it sleep alone every nig 8230,[],Bullying
hasoc_proxy-2146,@intheKCmix Pau pissed me off like Boozer pissed off Bulls fan... 2 soft faggots,HOF,Bullying,hasoc_proxy,latin,unspecified,pau pissed me off like boozer pissed off bulls fan 2 soft faggots,[],Non-Bullying
hasoc_proxy-667,@rbigwood when Hollywood Underwood took his shirt off and started screaming in the dark hah like a horror movie with the nips!,NOT,Non-Bullying,hasoc_proxy,latin,unspecified,when hollywood underwood took his shirt off and started screaming in the dark hah like a horror movie with the nips!,[],Bullying
hasoc_proxy-11782,"@coughlan616 Youre racist against white people whigger. Anti-Racist is a codeword for anti-white.
Anti-zionist is a codeword for antisemite.",HOF,Bullying,hasoc_proxy,latin,unspecified,youre racist against white people whigger antiracist is a codeword for antiwhite antizionist is a codeword for antisemite,[],Non-Bullying
hasoc_proxy-3000,Dream job for a pedophile dressing up like mickey mouse and hugging kids all day,HOF,Bullying,hasoc_proxy,latin,unspecified,dream job for a pedophile dressing up like mickey mouse and hugging kids all day,[],Non-Bullying
hasoc_proxy-6299,&#128557;&#128557;&#128557; RT @tryna_be_famous: Brees been trash since this.... http://t.co/EvYSf5JFkt,HOF,Bullying,hasoc_proxy,latin,unspecified,128557 128557 128557 rt brees been trash since this,[],Non-Bullying
hasoc_proxy-1989,Fizz a whole hoe outchea see would of been walking,HOF,Bullying,hasoc_proxy,latin,unspecified,fizz a whole hoe outchea see would of been walking,[],Non-Bullying
hasoc_proxy-309,"Sometimes, even I gotta tell these hoes to grow up smh",NOT,Non-Bullying,hasoc_proxy,latin,unspecified,"sometimes, even i gotta tell these hoes to grow up smh",[],Bullying
hasoc_proxy-405,RT @TimoPleasant: This grown on your own shit is for the birds. &#128530;,HOF,Bullying,hasoc_proxy,latin,unspecified,rt this grown on your own shit is for the birds 128530,[],Non-Bullying
hasoc_proxy-8910,@MSoltan18 @Matt_Simonson @KoredeB9 nvm thought we were talking fifa sorry matt you're not trash at zombies,HOF,Bullying,hasoc_proxy,latin,unspecified,nvm thought we were talking fifa sorry matt you re not trash at zombies,[],Non-Bullying
hasoc_proxy-11678,So much more going on but hypocrisy doesn't sit well with me. My redneck family from central Illinois more black then Bieber!,NOT,Non-Bullying,hasoc_proxy,latin,unspecified,so much more going on but hypocrisy doesn t sit well with me my redneck family from central illinois more black then bieber!,[],Bullying
hasoc_proxy-8833,RT @POONsoaker: Y'all so trash @Cowboys,HOF,Bullying,hasoc_proxy,latin,unspecified,rt y all so trash,[],Non-Bullying
hasoc_proxy-4984,red bone but her pusssy hairlessss,HOF,Bullying,hasoc_proxy,latin,unspecified,red bone but her pusy hairles,[],Non-Bullying
hasoc_proxy-2778,@quilzel That's how rednecks eRecycle. http://t.co/6LRXIqSi8B,HOF,Bullying,hasoc_proxy,latin,unspecified,that s how rednecks erecycle,[],Non-Bullying
hasoc_proxy-6066,Thinking about getting my nips pierced...,HOF,Bullying,hasoc_proxy,latin,unspecified,thinking about getting my nips pierced,[],Non-Bullying
hasoc_proxy-10428,"The @GOP elite call conservatives ""our niggers"" behind closed doors. #tcot #teaparty",HOF,Bullying,hasoc_proxy,latin,unspecified,the elite call conservatives our niggers behind closed doors tcot teaparty,[],Non-Bullying
hasoc_proxy-2038,Will be interesting to watch how Interlagos grips in this weekend. F1 cars basically the guinea pigs for WEC later this month.,NOT,Non-Bullying,hasoc_proxy,latin,unspecified,will be interesting to watch how interlagos grips in this weekend f1 cars basically the guinea pigs for wec later this month,[],Bullying
hasoc_proxy-5280,Weekend is here. What an amazing week this has been. Let's use this extended weekend to celebrate our successes my fellow queer folk.,NOT,Non-Bullying,hasoc_proxy,latin,unspecified,weekend is here what an amazing week this has been let s use this extended weekend to celebrate our successes my fellow queer folk,[],Bullying
hasoc_proxy-3576,"@iNURSELISA @blackredsoxfan 
It's a nice way of callin y'all honkies",HOF,Bullying,hasoc_proxy,latin,unspecified,it s a nice way of callin y all honkies,[],Non-Bullying
hasoc_proxy-5403,@Rachijuana I popped a Molly every day last year #beat#that#bitch,HOF,Bullying,hasoc_proxy,latin,unspecified,i popped a molly every day last year beatthatbitch,[],Non-Bullying
hasoc_proxy-11358,RT @Woody_AFC: I saw a great chimpout 2 summers ago. A middle aged Salvadoran and his 15 Yr old son got wasted by 6 beaners at the metlife &#8230;,HOF,Bullying,hasoc_proxy,latin,unspecified,rt i saw a great chimpout 2 summers ago a middle aged salvadoran and his 15 yr old son got wasted by 6 beaners at the metlife 8230,[],Non-Bullying
hasoc_proxy-4358,my brothers asshat friends think it's okay to vandalize our property because he's a racist wana be redneck.,HOF,Bullying,hasoc_proxy,latin,unspecified,my brothers asshat friends think it s okay to vandalize our property because he s a racist wana be redneck,[],Non-Bullying
hasoc_proxy-3239,"@SlothNG i can guarantee a few things: you're white. you've never been anywhere NEAR a real ghetto. you, or a relative is a pig. 100%",HOF,Bullying,hasoc_proxy,latin,unspecified,"i can guarantee a few things you re white you ve never been anywhere near a real ghetto you, or a relative is a pig 100",[],Non-Bullying
hasoc_proxy-4618,You state it gook,HOF,Bullying,hasoc_proxy,latin,unspecified,you state it gook,[],Non-Bullying
hasoc_proxy-831,@RepulsiveTool And the only band that sucked worse live is those fags Guns &amp; Poses.,HOF,Bullying,hasoc_proxy,latin,unspecified,and the only band that sucked worse live is those fags guns amp poses,[],Non-Bullying
hasoc_proxy-9025,how you settin' trends when you're rappin about wearing the same shit everyone else is wearin and rappin about? This mixtape is trash yo,HOF,Bullying,hasoc_proxy,latin,unspecified,how you settin trends when you re rappin about wearing the same shit everyone else is wearin and rappin about? this mixtape is trash yo,[],Non-Bullying
hasoc_proxy-3796,@GwendolynC28 thanks nig&#128540;,HOF,Bullying,hasoc_proxy,latin,unspecified,thanks nig 128540,[],Non-Bullying
hasoc_proxy-6743,"#YesWeDid .......start building #windturbines SO FUCKIN"" BIG they can kill a whole flock of birds in one go&gt;",HOF,Bullying,hasoc_proxy,latin,unspecified,yeswedid .start building windturbines so fuckin big they can kill a whole flock of birds in one go gt,[],Non-Bullying
hasoc_proxy-2735,@GovJayNixon U should just pull out &amp; let #Ferguson fend for themselves. It has been a week. Wasting manpower. Most r just attention hos,HOF,Bullying,hasoc_proxy,latin,unspecified,u should just pull out amp let ferguson fend for themselves it has been a week wasting manpower most r just attention hos,[],Non-Bullying
hasoc_proxy-287,@OTG_Kapo thats what i call it too !! Lol its beyond ghetto smh but man u needa quit playin and come back,HOF,Bullying,hasoc_proxy,latin,unspecified,thats what i call it too !! lol its beyond ghetto smh but man u needa quit playin and come back,[],Non-Bullying
hasoc_proxy-124,"@san_sim lol Avila... It's simple, but I live in a pretty redneck area.. So it never gets pronounced correctly",HOF,Bullying,hasoc_proxy,latin,unspecified,"lol avila it s simple, but i live in a pretty redneck area so it never gets pronounced correctly",[],Non-Bullying
hasoc_proxy-11271,This morning is brought to you by Emergen-C. I really need to nip this cold/flu business in the bud. #NoGermsWanted,NOT,Non-Bullying,hasoc_proxy,latin,unspecified,this morning is brought to you by emergenc i really need to nip this cold flu business in the bud nogermswanted,[],Bullying
hasoc_proxy-10466,Math is forever confusing to me #retard,HOF,Bullying,hasoc_proxy,latin,unspecified,math is forever confusing to me retard,[],Non-Bullying
hasoc_proxy-6825,"lol i liked that album RT @az5950: That ""Double Up"" Album was so trash son...smh",HOF,Bullying,hasoc_proxy,latin,unspecified,lol i liked that album rt that double up album was so trash sonsmh,[],Non-Bullying
hasoc_proxy-8686,If only I dated a girl that lived off Mack Road I could just get the holy trinity of Sacramento ghettos on a daily basis,NOT,Non-Bullying,hasoc_proxy,latin,unspecified,if only i dated a girl that lived off mack road i could just get the holy trinity of sacramento ghettos on a daily basis,[],Bullying
hasoc_proxy-4496,This fuckin bird http://t.co/q2Kjv91KIZ,HOF,Bullying,hasoc_proxy,latin,unspecified,this fuckin bird,[],Non-Bullying
hasoc_proxy-11809,"RT @AnthonyBialy: Well, Maryland is just a bunch of hateful rednecks, anyway.",HOF,Bullying,hasoc_proxy,latin,unspecified,"rt well, maryland is just a bunch of hateful rednecks, anyway",[],Non-Bullying
hasoc_proxy-11021,RT @Anastacia_Cole: I like being Asian and all but it's a struggle having squinty eyes in every picture,NOT,Non-Bullying,hasoc_proxy,latin,unspecified,rt i like being asian and all but it s a struggle having squinty eyes in every picture,[],Bullying
hasoc_proxy-2871,They use to call my mom Japs when she was younger. Lol Asian racial slurs.,NOT,Non-Bullying,hasoc_proxy,latin,unspecified,they use to call my mom japs when she was younger lol asian racial slurs,[],Bullying
hasoc_proxy-858,@JaredReve use monkey maker you prick!,HOF,Bullying,hasoc_proxy,latin,unspecified,use monkey maker you prick!,[],Non-Bullying
hasoc_proxy-11584,@steveeearley @TheChaseUSA @MarkLabbett That cracker as big as he looks on TV?,HOF,Bullying,hasoc_proxy,latin,unspecified,that cracker as big as he looks on tv?,[],Non-Bullying
hasoc_proxy-6292,"RT @DragonflyJonez: Tell Bubba in Alabama youre African and not black and he's gonna call you a nigger with an EXTRA hard ""ER"".",HOF,Bullying,hasoc_proxy,latin,unspecified,rt tell bubba in alabama youre african and not black and he s gonna call you a nigger with an extra hard er .,[],Non-Bullying
hasoc_proxy-4053,These peanut butter brownies bout to give me life too! &#128523;,NOT,Non-Bullying,hasoc_proxy,latin,unspecified,these peanut butter brownies bout to give me life too! 128523,[],Bullying
hasoc_proxy-9740,"LOL &#128514;&#128557; I just remember that same bitch said she liked my hair then asked ""is it yours?"" Smfh #wut #yes ...",HOF,Bullying,hasoc_proxy,latin,unspecified,lol 128514 128557 i just remember that same bitch said she liked my hair then asked is it yours? smfh wut yes .,[],Non-Bullying
hasoc_proxy-1412,"I would bitch about the weather being bipolar, but I'm just gonna appreciate how nice it is instead",NOT,Non-Bullying,hasoc_proxy,latin,unspecified,"i would bitch about the weather being bipolar, but i m just gonna appreciate how nice it is instead",[],Bullying
hasoc_proxy-5724,"Watching Richie Rich! On Tv..Even he wanted to kick it with the ghetto kids..

Shows yuh how much Money Aint A Thang!...",NOT,Non-Bullying,hasoc_proxy,latin,unspecified,watching richie rich! on tveven he wanted to kick it with the ghetto kids shows yuh how much money aint a thang!.,[],Bullying
hasoc_proxy-11174,DRUGS&gt; Is why #Giants are losing. Just ask #barrybonds and the HEDGE BET FUND&gt; #WorldSeriesGame6 #faggots,NOT,Non-Bullying,hasoc_proxy,latin,unspecified,drugs gt is why giants are losing just ask barrybonds and the hedge bet fund gt worldseriesgame6 faggots,[],Bullying
hasoc_proxy-5938,"RT @McNarstle: Yes, the bird tweets in the morning are lovely but remember, what you're hearing is: BIRD COCK HERE! GET SOME ROCK HARD BIRD&#8230;",HOF,Bullying,hasoc_proxy,latin,unspecified,"rt yes, the bird tweets in the morning are lovely but remember, what you re hearing is bird cock here! get some rock hard bird 8230",[],Non-Bullying
hasoc_proxy-1654,@MrNwachukwu naw them boys trash we started coasting,HOF,Bullying,hasoc_proxy,latin,unspecified,naw them boys trash we started coasting,[],Non-Bullying
hasoc_proxy-93,@slayerific13 @daisymcgarr Like I said.. I might have to check but I'm just not sure bird shot counts as getting shot.,NOT,Non-Bullying,hasoc_proxy,latin,unspecified,like i said i might have to check but i m just not sure bird shot counts as getting shot,[],Bullying
hasoc_proxy-11461,@justinbieber nice wigger stache,HOF,Bullying,hasoc_proxy,latin,unspecified,nice wigger stache,[],Non-Bullying
hasoc_proxy-3063,Everyone Needs To Stop Bitchin about Jeter... Youre witnessing the last week of baseball from the greatest player to wear a Yankees uniform,HOF,Bullying,hasoc_proxy,latin,unspecified,everyone needs to stop bitchin about jeter youre witnessing the last week of baseball from the greatest player to wear a yankees uniform,[],Non-Bullying
hasoc_proxy-3963,Just hand them the game you zebra jack asses and save us all the trouble of watching,HOF,Bullying,hasoc_proxy,latin,unspecified,just hand them the game you zebra jack asses and save us all the trouble of watching,[],Non-Bullying
hasoc_proxy-9459,Porch monkey 4 life #Randell,HOF,Bullying,hasoc_proxy,latin,unspecified,porch monkey 4 life randell,[],Non-Bullying
hasoc_proxy-2455,"RT @Fact: A female ""cock block"" is called a ""clam jam.""",HOF,Bullying,hasoc_proxy,latin,unspecified,rt a female cock block is called a clam jam,[],Non-Bullying
hasoc_proxy-6593,@SamFeistCNN @CNNPolitics your opinion plz. When election over will there be any improvement or will BO still be allowed to trash America?,NOT,Non-Bullying,hasoc_proxy,latin,unspecified,your opinion plz when election over will there be any improvement or will bo still be allowed to trash america?,[],Bullying
hasoc_proxy-10046,RT @BroganWebber: Beyonc&#233; is trash.,HOF,Bullying,hasoc_proxy,latin,unspecified,rt beyonc 233 is trash,[],Non-Bullying
hasoc_proxy-5327,RT @Goons_TXT: Only retards and dads roll Lawful Good.,NOT,Non-Bullying,hasoc_proxy,latin,unspecified,rt only retards and dads roll lawful good,[],Bullying
hasoc_proxy-2390,timbs straight trash though,NOT,Non-Bullying,hasoc_proxy,latin,unspecified,timbs straight trash though,[],Bullying
hasoc_proxy-10529,&#8220;@TrapFuhrer: When her nudes trash you gotta draw clothes back on her and send em back http://t.co/jX7Mc32BkV&#8221;&#128128;&#128128;&#128128;&#128128;&#128128;,HOF,Bullying,hasoc_proxy,latin,unspecified,8220 when her nudes trash you gotta draw clothes back on her and send em back,[],Non-Bullying
hasoc_proxy-6730,RT @FunkyDineva: I have not watched part 2 of the reunion. I'm so over them hoes. I don't even care,HOF,Bullying,hasoc_proxy,latin,unspecified,rt i have not watched part 2 of the reunion i m so over them hoes i don t even care,[],Non-Bullying
hasoc_proxy-6480,RT @HoskinsTy96: @Vontey_isa_boss &#128514;&#128514;&#128514; ghetto ass mofos,NOT,Non-Bullying,hasoc_proxy,latin,unspecified,rt 128514 128514 128514 ghetto ass mofos,[],Bullying
hasoc_proxy-5400,im weeaboo trash,HOF,Bullying,hasoc_proxy,latin,unspecified,im weeaboo trash,[],Non-Bullying
hasoc_proxy-8679,"RT @femaIes: a girl tweeted ""you might be ghetto if u bring food from outside into the movies""

no u might be stupid if u pay 4.99 for a ba&#8230;",HOF,Bullying,hasoc_proxy,latin,unspecified,rt a girl tweeted you might be ghetto if u bring food from outside into the movies no u might be [ABUSIVE] if u pay 499 for a ba 8230,['stupid'],Non-Bullying
hasoc_proxy-3717,RT @SouthsideVic: Keebler elves gone have to make weed brownies when it's legalized. In da tree trunk but da trap going crazy. Bro that shi&#8230;,HOF,Bullying,hasoc_proxy,latin,unspecified,rt keebler elves gone have to make weed brownies when it s legalized in da tree trunk but da trap going crazy bro that shi 8230,[],Non-Bullying
hasoc_proxy-8656,"@lundenm my dad wanted me to ""twat"" him. &#128563;",HOF,Bullying,hasoc_proxy,latin,unspecified,my dad wanted me to twat him 128563,[],Non-Bullying
hasoc_proxy-1869,Me gusta pollo so espa&#241;ol that. Lol. &#127831;,NOT,Non-Bullying,hasoc_proxy,latin,unspecified,me gusta pollo so espa 241 ol that lol 127831,[],Bullying
hasoc_proxy-8895,"It's scheduled up already, tho #bitches&gt; #BryanCranston&gt; One tweet and he's got #JoePesci out there making fun of #stolenbases&gt; #BASEBALL",HOF,Bullying,hasoc_proxy,latin,unspecified,"it s scheduled up already, tho bitches gt bryancranston gt one tweet and he s got joepesci out there making fun of stolenbases gt baseball",[],Non-Bullying
hasoc_proxy-5861,Roy Hibbert so trash. It's unbelievable.,HOF,Bullying,hasoc_proxy,latin,unspecified,roy hibbert so trash it s unbelievable,[],Non-Bullying
hasoc_proxy-10935,@WendyGAv says the pedophile promoting dolt. LMAO #teabagger,HOF,Bullying,hasoc_proxy,latin,unspecified,says the pedophile promoting dolt lmao teabagger,[],Non-Bullying
hasoc_proxy-330,UPDATE: Three arrsted after German gay guy left in critical condition after being fag bashed in Belgrade http://t.co/5TNwQ2e7Q5,HOF,Bullying,hasoc_proxy,latin,unspecified,update three arrsted after german gay guy left in critical condition after being fag bashed in belgrade,[],Non-Bullying
hasoc_proxy-1764,@ACMobbDeep @madsbennett yeah I run over squirrels and coons,NOT,Non-Bullying,hasoc_proxy,latin,unspecified,yeah i run over squirrels and coons,[],Bullying
hasoc_proxy-5796,&#8220;@alicia_688: You aint special niglet RT @Vice504fly: When I'm chilling wit Greg ppl walk up to me to ask me to take pics&#8221;hatin,HOF,Bullying,hasoc_proxy,latin,unspecified,8220 you aint special niglet rt when i m chilling wit greg ppl walk up to me to ask me to take pics 8221 hatin,[],Non-Bullying
hasoc_proxy-949,"RT @RonTheAnchorman: a girl tweeted ""you might be ghetto if u bring food from outside into the movies""

no u might be stupid if u pay 4.99 &#8230;",HOF,Bullying,hasoc_proxy,latin,unspecified,rt a girl tweeted you might be ghetto if u bring food from outside into the movies no u might be [ABUSIVE] if u pay 499 8230,['stupid'],Non-Bullying
hasoc_proxy-10242,"When people really think I'm Asian I get offended,
Even though I make fun of my gook self",NOT,Non-Bullying,hasoc_proxy,latin,unspecified,"when people really think i m asian i get offended, even though i make fun of my gook self",[],Bullying
hasoc_proxy-8870,lmaooooo RT @SirAsshole: when you sit in a ghetto girls seat at lunch https://t.co/HaSLMb1Dzj,HOF,Bullying,hasoc_proxy,latin,unspecified,lmao rt when you sit in a ghetto girls seat at lunch,[],Non-Bullying
hasoc_proxy-919,"RT @Yankees: Congratulations Ichiro! That leadoff base hit in the 8th is hit No. 2,800 in his @MLB career!",NOT,Non-Bullying,hasoc_proxy,latin,unspecified,"rt congratulations ichiro! that leadoff base hit in the 8th is hit no 2,800 in his career!",[],Bullying
hasoc_proxy-4200,U coons can't wait to wear them Oreo J's,HOF,Bullying,hasoc_proxy,latin,unspecified,u coons can t wait to wear them oreo j s,[],Non-Bullying
hasoc_proxy-3341,Fake tits? &#8220;@VelvetHoopD: A hoe??&#8220;@Steph_Badd: Can u guess what I was ? &#8220;@DJZeeti: Twitpic your halloween costumes&#8221; http://t.co/ECs7nlEkKa&#8221;&#8221;,NOT,Non-Bullying,hasoc_proxy,latin,unspecified,fake tits? 8220 a hoe?? 8220 can u guess what i was ? 8220 twitpic your halloween costumes 8221,[],Bullying
hasoc_proxy-2089,RT @VaTxn: Illegal alien is not a race. It's a crime. @MuchoMacho @McDonalds @jeandeaux1776 @cspanwj #wetbacks http://t.co/pf2YpelyOP,HOF,Bullying,hasoc_proxy,latin,unspecified,rt illegal alien is not a race it s a crime wetbacks,[],Non-Bullying
hasoc_proxy-7082,@Yankees team sucks,NOT,Non-Bullying,hasoc_proxy,latin,unspecified,team sucks,[],Bullying
hasoc_proxy-9910,RT @LeezyTheWarrior: Can't be letting them messy hoes mess with yo business...,HOF,Bullying,hasoc_proxy,latin,unspecified,rt can t be letting them messy hoes mess with yo business,[],Non-Bullying
hasoc_proxy-2780,I think a lot of bitches don't smile in their selfies because their breath stinks and they don't want to steam up their front cameras,HOF,Bullying,hasoc_proxy,latin,unspecified,i think a lot of bitches don t smile in their selfies because their breath stinks and they don t want to steam up their front cameras,[],Non-Bullying
hasoc_proxy-8601,"Och hoe wonderbaarlijk dat Jan het alweer met n Marokkaanse BNer aan de stok heeft. Na Fatima, Lamyea, Tofik, nu ook Abdelka te min gevonden",NOT,Non-Bullying,hasoc_proxy,latin,unspecified,"och hoe wonderbaarlijk dat jan het alweer met n marokkaanse bner aan de stok heeft na fatima, lamyea, tofik, nu ook abdelka te min gevonden",[],Bullying
hasoc_proxy-254,@Ilovebamf is my big long lost brother I swear. I don't know what I'd do without this wetback.,HOF,Bullying,hasoc_proxy,latin,unspecified,is my big long lost brother i swear i don t know what i d do without this wetback,[],Non-Bullying
hasoc_proxy-8342,Photo: deafreaperventus: wayward-sons-and-fallen-angels: murderous-crows: *gay intensifies* are you saying... http://t.co/qbktWtWFCY,HOF,Bullying,hasoc_proxy,latin,unspecified,photo deafreaperventus waywardsonsandfallenangels murderouscrows gay intensifies are you saying,[],Non-Bullying
hasoc_proxy-3837,@That1guyJeff thank you. I hate you. Eat poison. Fall down. Run face first into a wall. Yankees missed the playoffs.,HOF,Bullying,hasoc_proxy,latin,unspecified,thank you i hate you eat poison fall down run face first into a wall yankees missed the playoffs,[],Non-Bullying
hasoc_proxy-11030,"@drew4130 @mailgal2000
Y'all hire colored folk? Only work half da day and throw da mail in da sewer if we ain't done",HOF,Bullying,hasoc_proxy,latin,unspecified,y all hire colored folk? only work half da day and throw da mail in da sewer if we ain t done,[],Non-Bullying
hasoc_proxy-1822,@dinneny is out of his goddamn bird trying to say YoBurger is better than 5 guys,HOF,Bullying,hasoc_proxy,latin,unspecified,is out of his goddamn bird trying to say yoburger is better than 5 guys,[],Non-Bullying
hasoc_proxy-2718,Horny called me asking her to buy her a drink this morning and then this jiggaboo walks in WITH A SONIC DRINK IN HER HAND #DONE,NOT,Non-Bullying,hasoc_proxy,latin,unspecified,horny called me asking her to buy her a drink this morning and then this jiggaboo walks in with a sonic drink in her hand done,[],Bullying
hasoc_proxy-80,"RT @WolfpackAlan: Oreos: First you twist it, then you- aw crap, it broke.",HOF,Bullying,hasoc_proxy,latin,unspecified,"rt oreos first you twist it, then you aw crap, it broke",[],Non-Bullying
hasoc_proxy-7570,At all my ritz crackers. Idk what to do with myself anymore.,NOT,Non-Bullying,hasoc_proxy,latin,unspecified,at all my ritz crackers idk what to do with myself anymore,[],Bullying
hasoc_proxy-2822,@kim92493 @_NikeCaptain_ @Tae_Rhodes I was implying you we're the bro &amp; them two aint nothin but lil hoes..c'mon now I or you Kim,HOF,Bullying,hasoc_proxy,latin,unspecified,i was implying you we re the bro amp them two aint nothin but lil hoesc mon now i or you kim,[],Non-Bullying
hasoc_proxy-9787,Cants da coloreds and da white folk gets along? We all be da same cept da colored men gots da bigga dicks,HOF,Bullying,hasoc_proxy,latin,unspecified,cants da coloreds and da white folk gets along? we all be da same cept da colored men gots da bigga dicks,[],Non-Bullying
hasoc_proxy-4389,Only white trash watch hockey.,HOF,Bullying,hasoc_proxy,latin,unspecified,only white trash watch hockey,[],Non-Bullying
hasoc_proxy-6847,"That's not a duck face, that's the result of me walking into a pole once while I was tweeting that you're a retard.",HOF,Bullying,hasoc_proxy,latin,unspecified,"that s not a duck face, that s the result of me walking into a pole once while i was tweeting that you re a retard",[],Non-Bullying
hasoc_proxy-1172,Apaches' 30 MM rounds turn Jihadis into tomato soup @MarkRothschild1 @Rockprincess818 @NoFear3136 @Lanna70115,HOF,Bullying,hasoc_proxy,latin,unspecified,apaches 30 mm rounds turn jihadis into tomato soup,[],Non-Bullying
hasoc_proxy-8059,shout out to pullz cuz I kno if I was trash he would have kept it a buck... I swear he had every I made jus cuz n actually bump dem too,NOT,Non-Bullying,hasoc_proxy,latin,unspecified,shout out to pullz cuz i kno if i was trash he would have kept it a buck i swear he had every i made jus cuz n actually bump dem too,[],Bullying
hasoc_proxy-6531,"@AnnaComan2 she was the principle for a ghetto elementary school, I doubt it. But fingers crossed&#128527;",HOF,Bullying,hasoc_proxy,latin,unspecified,"she was the principle for a ghetto elementary school, i doubt it but fingers crossed 128527",[],Non-Bullying
hasoc_proxy-7295,@ZachIrving I called people kikes and a lot of fucks,HOF,Bullying,hasoc_proxy,latin,unspecified,i called people kikes and a lot of fucks,[],Non-Bullying
hasoc_proxy-7941,The boy who shot albino deer http://t.co/D4XajBEIb1,NOT,Non-Bullying,hasoc_proxy,latin,unspecified,the boy who shot albino deer,[],Bullying
hasoc_proxy-10153,Gov. Rick Scott Kicks Charlie Crist&#8217;s Ass http://t.co/YasZ6yXfwc http://t.co/RDmCnzyGbE,HOF,Bullying,hasoc_proxy,latin,unspecified,gov rick scott kicks charlie crist 8217 s ass,[],Non-Bullying
hasoc_proxy-1304,stuffed her like an Oreo http://t.co/mPAjkWJbZp,HOF,Bullying,hasoc_proxy,latin,unspecified,stuffed her like an oreo,[],Non-Bullying
hasoc_proxy-11599,Todays Spy Ops ( A country guy with big feet. I lv to lick his soles n hv soles on my cock ) http://t.co/baEeMot812,HOF,Bullying,hasoc_proxy,latin,unspecified,todays spy ops a country guy with big feet i lv to lick his soles n hv soles on my cock,[],Non-Bullying
hasoc_proxy-6159,Johnny Rebel - If I could be a nigger for a day: http://t.co/JPKdkpbjxh,HOF,Bullying,hasoc_proxy,latin,unspecified,johnny rebel if i could be a nigger for a day,[],Non-Bullying
hasoc_proxy-2294,Dis nicca lame,NOT,Non-Bullying,hasoc_proxy,latin,unspecified,dis nicca lame,[],Bullying
hasoc_proxy-9453,"Daniel, there's no cow tipping and hoe downs in Jackson... This city living lol",NOT,Non-Bullying,hasoc_proxy,latin,unspecified,"daniel, there s no cow tipping and hoe downs in jackson this city living lol",[],Bullying
hasoc_proxy-8042,"Pretending that he can make it rain, our ghetto president is in it for himself while govt money whores beg utilties to stay on one more day.",HOF,Bullying,hasoc_proxy,latin,unspecified,"pretending that he can make it rain, our ghetto president is in it for himself while govt money whores beg utilties to stay on one more day",[],Non-Bullying
hasoc_proxy-10578,@SoWavyTee hey Hun!,NOT,Non-Bullying,hasoc_proxy,latin,unspecified,hey hun!,[],Bullying
hasoc_proxy-4992,&#8220;@WillyC14_: &#8220;@urbie_6: #SingleBecause ill find a cute hoosier to date next year &#128527;&#8221; @Tgold32&#8221; @connorbradley,NOT,Non-Bullying,hasoc_proxy,latin,unspecified,8220 8220 singlebecause ill find a cute hoosier to date next year 128527 8221 8221,[],Bullying
hasoc_proxy-1348,@Flow935 jus wanted to let y&#225;ll know hope the hurricane kills your soca sunday trash #LORDWILLIN,HOF,Bullying,hasoc_proxy,latin,unspecified,jus wanted to let y 225 ll know hope the hurricane kills your soca sunday trash lordwillin,[],Non-Bullying
hasoc_proxy-11524,"Un pollito cruzaba la frontera, un zorro se tropieza con el pollo, el zorro le dice, im sorry el pollo le dice im... http://t.co/oXcOYauJi1",NOT,Non-Bullying,hasoc_proxy,latin,unspecified,"un pollito cruzaba la frontera, un zorro se tropieza con el pollo, el zorro le dice, im sorry el pollo le dice im",[],Bullying
hasoc_proxy-7207,"RT @socass_: &#8220;@00sexilexi00: @socass_ I SANG FOR YOU, YOU NAZI&#8221;

*beaner",HOF,Bullying,hasoc_proxy,latin,unspecified,"rt 8220 i sang for you, you nazi 8221 beaner",[],Non-Bullying
hasoc_proxy-11151,RT @sadiiex_: @Vnxthny I am taking you serious.... Kik me back nigger,HOF,Bullying,hasoc_proxy,latin,unspecified,rt i am taking you serious kik me back nigger,[],Non-Bullying
hasoc_proxy-8913,"@lexhound @discordianslip @87pest Nah, they would probably call you out for being the obsessed faggot you are also. Nice try though.",HOF,Bullying,hasoc_proxy,latin,unspecified,"nah, they would probably call you out for being the obsessed faggot you are also nice try though",[],Non-Bullying
hasoc_proxy-6313,RT @shikeattike: Nah bitch you ain't just gone go off on me and just want me back 5 minutes later. I'm playing 2k until further notice,HOF,Bullying,hasoc_proxy,latin,unspecified,rt nah bitch you ain t just gone go off on me and just want me back 5 minutes later i m playing 2k until further notice,[],Non-Bullying
hasoc_proxy-4404,RT @Things4WhitePpl: Being pussy-whipped http://t.co/55BxG7PBNG,HOF,Bullying,hasoc_proxy,latin,unspecified,rt being pussywhipped,[],Non-Bullying
hasoc_proxy-7096,In redneck land ;) #Tennessee,HOF,Bullying,hasoc_proxy,latin,unspecified,in redneck land tennessee,[],Non-Bullying
hasoc_proxy-4506,Bbl gonna go sob over gay bird babies.,HOF,Bullying,hasoc_proxy,latin,unspecified,bbl gonna go sob over gay bird babies,[],Non-Bullying
hasoc_proxy-2635,"was just informed that ""crunk ain't dead ho!""&#8230; lol okay sure",HOF,Bullying,hasoc_proxy,latin,unspecified,was just informed that crunk ain t dead ho! 8230 lol okay sure,[],Non-Bullying
hasoc_proxy-10498,@tjdunn23 you're such a darkie.,HOF,Bullying,hasoc_proxy,latin,unspecified,you re such a darkie,[],Non-Bullying
hasoc_proxy-8549,@maccabeez thanks...bitch.,HOF,Bullying,hasoc_proxy,latin,unspecified,thanksbitch,[],Non-Bullying
hasoc_proxy-8335,These girls going to school with all kind og aquatic colored weaves in their head.Fuck going on?,HOF,Bullying,hasoc_proxy,latin,unspecified,these girls going to school with all kind og aquatic colored weaves in their headfuck going on?,[],Non-Bullying
hasoc_proxy-9097,@JerGucci she can suck dick tho that's better than brownies,HOF,Bullying,hasoc_proxy,latin,unspecified,she can suck dick tho that s better than brownies,[],Non-Bullying
hasoc_proxy-1971,"My nigguh
Me naturally forever be fly!",HOF,Bullying,hasoc_proxy,latin,unspecified,my nigguh me naturally forever be fly!,[],Non-Bullying
hasoc_proxy-6726,@yobritttany wagon burner! Jk jk you did look pretty Latino here,NOT,Non-Bullying,hasoc_proxy,latin,unspecified,wagon burner! jk jk you did look pretty latino here,[],Bullying
hasoc_proxy-3971,RT @nicky0472: @rickahyatt @1visionamd who better 2 b the Manchurian candidate. Think abt it we bitch abt his policy and he screams racism.&#8230;,HOF,Bullying,hasoc_proxy,latin,unspecified,rt who better 2 b the manchurian candidate think abt it we bitch abt his policy and he screams racism 8230,[],Non-Bullying
hasoc_proxy-6715,Alright your time is up RT @EvilJeanyis: Cheesecake trash,HOF,Bullying,hasoc_proxy,latin,unspecified,alright your time is up rt cheesecake trash,[],Non-Bullying
hasoc_proxy-2701,RT @jessielee1028: @Hawkdaddy300 @GavinMHawks21 @Ur_Boy_George yeah I don't think that's okay...Fuckin drop it. You shouldn't even joke abo&#8230;,HOF,Bullying,hasoc_proxy,latin,unspecified,rt yeah i don t think that s okayfuckin drop it you shouldn t even joke abo 8230,[],Non-Bullying
hasoc_proxy-8961,I been in this hospital since 6 I'm just tryna stay awake for 2more hrs then I can sip this D'usse and party with the rest of the coons,HOF,Bullying,hasoc_proxy,latin,unspecified,i been in this hospital since 6 i m just tryna stay awake for 2more hrs then i can sip this d usse and party with the rest of the coons,[],Non-Bullying
hasoc_proxy-1233,Omg I will just go to Charlie Bear to twerk team I fucks with them,HOF,Bullying,hasoc_proxy,latin,unspecified,omg i will just go to charlie bear to twerk team i fucks with them,[],Non-Bullying
hasoc_proxy-741,"@mayarsharkawi Fake pics http://t.co/jtwUu9CYSr get off my TL, u r dismissed muzzie. @Darknight420 @JewJitsuGrl @Begbie_1 @efilnikcufecin7",NOT,Non-Bullying,hasoc_proxy,latin,unspecified,"fake pics get off my tl, u r dismissed muzzie",[],Bullying
hasoc_proxy-2596,Oh it's coon bike week in Charlotte ok makes sense now,NOT,Non-Bullying,hasoc_proxy,latin,unspecified,oh it s coon bike week in charlotte ok makes sense now,[],Bullying
hasoc_proxy-7256,@TheChicagoBaker @stopbeingfamous @RaniaKhalek do birds have a 72% out of wedlock rate? is it white fathers that are running away?,HOF,Bullying,hasoc_proxy,latin,unspecified,do birds have a 72 out of wedlock rate? is it white fathers that are running away?,[],Non-Bullying
hasoc_proxy-9603,"""@gurl_Im_Angie: @ItsKiaraaaa @WestYourMajesty I'm not even shy stfu"" kikis mom: Hi angelique 
Angelique: Smiles *Dips cracker in soup*",HOF,Bullying,hasoc_proxy,latin,unspecified,i m not even shy stfu kikis mom hi angelique angelique smiles dips cracker in soup,[],Non-Bullying
hasoc_proxy-11614,@SteveStockmanTX @toddstarnes oh I see. Part of a giant govt take over eh. Stockboy you are a joke of a representative. #dumb teabagger,HOF,Bullying,hasoc_proxy,latin,unspecified,oh i see part of a giant govt take over eh stockboy you are a joke of a representative dumb teabagger,[],Non-Bullying
hasoc_proxy-9941,RT @Swishas_Erbs: &#8220;@Vonteeeeee: 90% of the black girls at my school are ghetto AF&#8221; 98.6%,HOF,Bullying,hasoc_proxy,latin,unspecified,rt 8220 90 of the black girls at my school are ghetto af 8221 986,[],Non-Bullying
hasoc_proxy-10047,What a wetback looks like when he gets caught crossing the border. @Ilovebamf http://t.co/j3Uf1TYubO,HOF,Bullying,hasoc_proxy,latin,unspecified,what a wetback looks like when he gets caught crossing the border,[],Non-Bullying
hasoc_proxy-626,@NyJusDntGAF just like a nig to come home when ever they want,HOF,Bullying,hasoc_proxy,latin,unspecified,just like a nig to come home when ever they want,[],Non-Bullying
hasoc_proxy-10383,@SAMMI_boyden bruh we can finally roll like rednecks (': ((drug dealers)),HOF,Bullying,hasoc_proxy,latin,unspecified,bruh we can finally roll like rednecks drug dealers,[],Non-Bullying
hasoc_proxy-3424,RT @05proFESSOR: Columbus found America and we killed some injuns #SinceTheCubsWonAWorldSeries,HOF,Bullying,hasoc_proxy,latin,unspecified,rt columbus found america and we killed some injuns sincethecubswonaworldseries,[],Non-Bullying
hasoc_proxy-4070,Ayy Carlton is a ghetto school now #SwitchedAtBirth,HOF,Bullying,hasoc_proxy,latin,unspecified,ayy carlton is a ghetto school now switchedatbirth,[],Non-Bullying
hasoc_proxy-3871,The reason Shelby hates sandwiches is because he is a queer. @RonandFezSXM,HOF,Bullying,hasoc_proxy,latin,unspecified,the reason shelby hates sandwiches is because he is a queer,[],Non-Bullying
hasoc_proxy-5398,RT @SirJakel: The awkward moment when you're changing in the gym and your penis head slips through the slit of your boxers.,HOF,Bullying,hasoc_proxy,latin,unspecified,rt the awkward moment when you re changing in the gym and your penis head slips through the slit of your boxers,[],Non-Bullying
hasoc_proxy-6655,"My teacher always says ""Has a man ever abused his wife while using marijuana? Not unless she hides the Oreo cookies then she deserves it.""",NOT,Non-Bullying,hasoc_proxy,latin,unspecified,my teacher always says has a man ever abused his wife while using marijuana? not unless she hides the oreo cookies then she deserves it,[],Bullying
hasoc_proxy-5419,@HuntsTheWind I wonder if I have my very own NSA spook following me by now?,NOT,Non-Bullying,hasoc_proxy,latin,unspecified,i wonder if i have my very own nsa spook following me by now?,[],Bullying
hasoc_proxy-918,Niggaz been making trash lately. Well not everybody but some lol,HOF,Bullying,hasoc_proxy,latin,unspecified,niggaz been making trash lately well not everybody but some lol,[],Non-Bullying
hasoc_proxy-11152,Sexy ass yellow bone,HOF,Bullying,hasoc_proxy,latin,unspecified,sexy ass yellow bone,[],Non-Bullying
hasoc_proxy-10305,RT @ShitPussiesSay: Dudes built like a crushed Twinkie http://t.co/1WsYI6gDVP,NOT,Non-Bullying,hasoc_proxy,latin,unspecified,rt dudes built like a crushed twinkie,[],Bullying
hasoc_proxy-10246,They say one man's trash is the next man's treasure. Where one finds pain the next might find pleasure.,NOT,Non-Bullying,hasoc_proxy,latin,unspecified,they say one man s trash is the next man s treasure where one finds pain the next might find pleasure,[],Bullying
hasoc_proxy-5878,&#8220;@CRYaboutitNIGGA: I get paid too chill.&#8221; Share the wealth Lil nicca,NOT,Non-Bullying,hasoc_proxy,latin,unspecified,8220 i get paid too chill 8221 share the wealth lil nicca,[],Bullying
hasoc_proxy-9867,"I hate the f-ing bus, I hate the f-ing bus, high ho the dairy-0 I hate the f-ing bus!",HOF,Bullying,hasoc_proxy,latin,unspecified,"i hate the fing bus, i hate the fing bus, high ho the dairy0 i hate the fing bus!",[],Non-Bullying
hasoc_proxy-6316,Charlie not fukin around in Austin.. Every week somebody getting kicked off the team.,HOF,Bullying,hasoc_proxy,latin,unspecified,charlie not fukin around in austin every week somebody getting kicked off the team,[],Non-Bullying
hasoc_proxy-10074,"Anyone want to share their thoughts on their mock draft?? Just kidding. SHUT YOUR FILTHY DAMNED MOUTH, YOU CLODS.",HOF,Bullying,hasoc_proxy,latin,unspecified,"anyone want to share their thoughts on their mock draft?? just kidding shut your filthy damned mouth, you clods",[],Non-Bullying
hasoc_proxy-3821,mickeyblowsyourmind: who wants to be a skype group with a bunch of offensive new york city queer folk Me!... http://t.co/BPgdvs8qD2,HOF,Bullying,hasoc_proxy,latin,unspecified,mickeyblowsyourmind who wants to be a skype group with a bunch of offensive new york city queer folk me!.,[],Non-Bullying
hasoc_proxy-11273,@ToWherever yay im a whitey :3,NOT,Non-Bullying,hasoc_proxy,latin,unspecified,yay im a whitey 3,[],Bullying
hasoc_proxy-4809,Is there a full moon out? #CrazyAssholes out in full force and I'm not talking about muzzies or liberals&#8252;&#65039; And I'm in the mood to oblige.,HOF,Bullying,hasoc_proxy,latin,unspecified,is there a full moon out? crazyassholes out in full force and i m not talking about muzzies or liberals 8252 65039 and i m in the mood to oblige,[],Non-Bullying
hasoc_proxy-302,The only part of the awards that I liked was the dykes part of the cypher &amp; the old skool female MCs.,HOF,Bullying,hasoc_proxy,latin,unspecified,the only part of the awards that i liked was the dykes part of the cypher amp the old skool female mcs,[],Non-Bullying
hasoc_proxy-8010,RT @ireland_roseee: @savanigga half of it will be about how you became ghetto in Compton.,HOF,Bullying,hasoc_proxy,latin,unspecified,rt half of it will be about how you became ghetto in compton,[],Non-Bullying
hasoc_proxy-9166,@CeeRoss negro please...I got a job now lmao,HOF,Bullying,hasoc_proxy,latin,unspecified,negro pleasei got a job now lmao,[],Non-Bullying
hasoc_proxy-8054,@nerissaloren not home. Headed to work sorry ho,HOF,Bullying,hasoc_proxy,latin,unspecified,not home headed to work sorry ho,[],Non-Bullying
hasoc_proxy-3784,I don't know what you been told but I love them project hoes,NOT,Non-Bullying,hasoc_proxy,latin,unspecified,i don t know what you been told but i love them project hoes,[],Bullying
hasoc_proxy-4775,"RT @HoboKarl: While the men will often be rambling and retarded, the women will appear trashy and tipsy, lawless and lustful http://t.co/A5&#8230;",HOF,Bullying,hasoc_proxy,latin,unspecified,"rt while the men will often be rambling and retarded, the women will appear trashy and tipsy, lawless and lustful",[],Non-Bullying
hasoc_proxy-6996,RT @jjauthor: US ghettos-driven by liberal ideology; forged by unions &amp; bankrupted by self-serving Dems catering 2parasites! #tcot http://t&#8230;,NOT,Non-Bullying,hasoc_proxy,latin,unspecified,rt us ghettosdriven by liberal ideology forged by unions amp bankrupted by selfserving dems catering 2parasites! tcot,[],Bullying
hasoc_proxy-11138,&#128347; is the most important thing. All this temporary bullshit and lies is fa the birds. Kill that !,HOF,Bullying,hasoc_proxy,latin,unspecified,128347 is the most important thing all this temporary bullshit and lies is fa the birds kill that !,[],Non-Bullying
hasoc_proxy-4302,"Jennifer Lawrence's nudes sooooo trash. Im still smashin though, no doubt",HOF,Bullying,hasoc_proxy,latin,unspecified,"jennifer lawrence s nudes so trash im still smashin though, no doubt",[],Non-Bullying
hasoc_proxy-5543,Do you know where I grew up Skippy? @mouzone_brother @psherm07 @EchoesErrant @gigg423 @jstines3,NOT,Non-Bullying,hasoc_proxy,latin,unspecified,do you know where i grew up skippy?,[],Bullying
hasoc_proxy-1990,If someone is part of 'James X' then he's a white trash cultist.,HOF,Bullying,hasoc_proxy,latin,unspecified,if someone is part of james x then he s a white trash cultist,[],Non-Bullying
hasoc_proxy-5706,"@TheClaireBear36 Don't like to trash talking either way. But to be fair, that's just on Twitter. I'm having a ball on texts.",NOT,Non-Bullying,hasoc_proxy,latin,unspecified,"don t like to trash talking either way but to be fair, that s just on twitter i m having a ball on texts",[],Bullying
hasoc_proxy-8043,@CsSalazar15 wetback &#128513;&#128514;&#128514;&#128514;&#128514;&#128557;,HOF,Bullying,hasoc_proxy,latin,unspecified,wetback 128513 128514 128514 128514 128514 128557,[],Non-Bullying
hasoc_proxy-11418,"RT @ella__fraser: When you clam up, my survival instinct is to kick the door shut",NOT,Non-Bullying,hasoc_proxy,latin,unspecified,"rt when you clam up, my survival instinct is to kick the door shut",[],Bullying
hasoc_proxy-4144,"""Is that an albino Mexican?""
""No dad, he's Asian.""",NOT,Non-Bullying,hasoc_proxy,latin,unspecified,"is that an albino mexican? no dad, he s asian",[],Bullying
hasoc_proxy-862,I really want a girl to make me some brownies &#128553;&#128557;,NOT,Non-Bullying,hasoc_proxy,latin,unspecified,i really want a girl to make me some brownies 128553 128557,[],Bullying
hasoc_proxy-3022,&gt;_&lt;.. RT @ItsTheBOOMshow @FricknAwesome metal monkey balls!,HOF,Bullying,hasoc_proxy,latin,unspecified,gt lt .. rt metal monkey balls!,[],Non-Bullying
hasoc_proxy-9312,@Tristine214 I tried one of them pom pomegranate juices n I swear it tasted like flavored piss.........dont ask lol,HOF,Bullying,hasoc_proxy,latin,unspecified,i tried one of them pom pomegranate juices n i swear it tasted like flavored pissdont ask lol,[],Non-Bullying
hasoc_proxy-8109,RT @YVNGRVPVNZEL: sundy a old school ho tho,HOF,Bullying,hasoc_proxy,latin,unspecified,rt sundy a old school ho tho,[],Non-Bullying
hasoc_proxy-9539,"I got .05"" of rain yesterday including the bird shit in my gauge.",HOF,Bullying,hasoc_proxy,latin,unspecified,i got .05 of rain yesterday including the bird shit in my gauge,[],Non-Bullying
hasoc_proxy-6848,RT @SnipersInPeril: @ShinSnipes happy birthday my little cotton picker,HOF,Bullying,hasoc_proxy,latin,unspecified,rt happy birthday my little cotton picker,[],Non-Bullying
hasoc_proxy-485,"@Mr_Lewis_ @brookebrooklyn_ ohh yaa, he wants Brooke to be his pinkie toe so he can bang it on the coffee table. What a twat!! Lol",HOF,Bullying,hasoc_proxy,latin,unspecified,"ohh yaa, he wants brooke to be his pinkie toe so he can bang it on the coffee table what a twat!! lol",[],Non-Bullying
hasoc_proxy-5972,Can't take u coons nowhere &amp; I mean nowhere,HOF,Bullying,hasoc_proxy,latin,unspecified,can t take u coons nowhere amp i mean nowhere,[],Non-Bullying
hasoc_proxy-7482,"&#191;Como se llama el ni&#241;o m&#225;s delgado de Jap&#243;n? Yocomo Poko

&#164;&#176;&#164;&#176; gino &#176;&#164;&#176;&#164;",HOF,Bullying,hasoc_proxy,latin,unspecified,191 como se llama el ni 241 o m 225 s delgado de jap 243 n? yocomo poko 164 176 164 176 gino 176 164 176 164,[],Non-Bullying
hasoc_proxy-6477,My flow retarded &#128526;,NOT,Non-Bullying,hasoc_proxy,latin,unspecified,my flow retarded 128526,[],Bullying
hasoc_proxy-5532,"RT @SweetHunnieLips: Lookie here folks

I'm not a chocolate, thick, natural haired female

Nudes=trash",HOF,Bullying,hasoc_proxy,latin,unspecified,"rt lookie here folks i m not a chocolate, thick, natural haired female nudes trash",[],Non-Bullying
hasoc_proxy-1364,"Almost everyone I met in #Paris was absolute trash. And if they support a republican government, I hope they fucking die.",HOF,Bullying,hasoc_proxy,latin,unspecified,"almost everyone i met in paris was absolute trash and if they support a republican government, i hope they fucking die",[],Non-Bullying
hasoc_proxy-8372,@Prince_WilliamB @MixyArts This nothing to do with my shoes you ignorant twat.,HOF,Bullying,hasoc_proxy,latin,unspecified,this nothing to do with my shoes you ignorant twat,[],Non-Bullying
hasoc_proxy-7046,"RT @JareerKassis: If there was an invisible celestial judge who killed those who spew hate on Palestinians, celebrities &amp; politicians would&#8230;",HOF,Bullying,hasoc_proxy,latin,unspecified,"rt if there was an invisible celestial judge who killed those who spew hate on palestinians, celebrities amp politicians would 8230",[],Non-Bullying
hasoc_proxy-3876,"@clinchmtn316 @sixonesixband AMERICA today, the rule of thumb is: when in doubt, blame ""whitey""",HOF,Bullying,hasoc_proxy,latin,unspecified,"america today, the rule of thumb is when in doubt, blame whitey",[],Non-Bullying
hasoc_proxy-9778,"RT @TbhMoose: a girl tweeted ""you might be ghetto if u bring food from outside into the movies""

no u might be stupid if u pay 4.99 for a b&#8230;",HOF,Bullying,hasoc_proxy,latin,unspecified,rt a girl tweeted you might be ghetto if u bring food from outside into the movies no u might be [ABUSIVE] if u pay 499 for a b 8230,['stupid'],Non-Bullying
hasoc_proxy-9161,"""She said wigga man you rich...take the du-rag off"" http://t.co/jb7J3zSbam",HOF,Bullying,hasoc_proxy,latin,unspecified,she said wigga man you richtake the durag off,[],Non-Bullying
hasoc_proxy-10328,This wigga didn't follow me back.. Smh,HOF,Bullying,hasoc_proxy,latin,unspecified,this wigga didn t follow me back smh,[],Non-Bullying
hasoc_proxy-7381,At pussy cat lounge killin it with my girlz @blaqdior and @hpmiss,NOT,Non-Bullying,hasoc_proxy,latin,unspecified,at pussy cat lounge killin it with my girlz and,[],Bullying
hasoc_proxy-8155,RT @Rameyhoe: 22. But we make it and this bitch sits on the couch and turns on Ice Age the movie and asks us if were hungry like we arent t&#8230;,HOF,Bullying,hasoc_proxy,latin,unspecified,rt 22 but we make it and this bitch sits on the couch and turns on ice age the movie and asks us if were hungry like we arent t 8230,[],Non-Bullying
hasoc_proxy-1487,Obama mocked the special Olympics Wendy Davis mocks the handicapped do ya see a pattern? Democrats #tcot #UniteBlue,NOT,Non-Bullying,hasoc_proxy,latin,unspecified,obama mocked the special olympics wendy davis mocks the handicapped do ya see a pattern? democrats tcot uniteblue,[],Bullying
hasoc_proxy-5162,@Ole_Boy @m10eezy yes I'm white washed because I don't go around repping my hood and saying a bunch of ignorant nig terms.,HOF,Bullying,hasoc_proxy,latin,unspecified,yes i m white washed because i don t go around repping my hood and saying a bunch of ignorant nig terms,[],Non-Bullying
hasoc_proxy-2685,Why won't we run the ball? Our offensive coordinator is retarded,NOT,Non-Bullying,hasoc_proxy,latin,unspecified,why won t we run the ball? our offensive coordinator is retarded,[],Bullying
hasoc_proxy-4385,RT @Lizeth0714: NC's weather is seriously fucken retarded. How is it gonna be 40 something today and almost 80 Saturday,HOF,Bullying,hasoc_proxy,latin,unspecified,rt nc s weather is seriously fucken retarded how is it gonna be 40 something today and almost 80 saturday,[],Non-Bullying
hasoc_proxy-1272,"""@TEE_JONEZ: @16stanleys @KingCuh tuku ho idk blah blah blah"" &#128514;&#128514;&#128514;",NOT,Non-Bullying,hasoc_proxy,latin,unspecified,tuku ho idk blah blah blah 128514 128514 128514,[],Bullying
hasoc_proxy-10494,"RT @Scarlett_Iam: 'You'd rather live with trash,, than make it work with a good woman' #DiaryOfAMadBlackWoman",HOF,Bullying,hasoc_proxy,latin,unspecified,"rt you d rather live with trash,, than make it work with a good woman diaryofamadblackwoman",[],Non-Bullying
